asset_class,mu_monthly,mu_annual
CASH,0.001398,0.016774
BOND,0.001521,0.018249
EQUITY,0.018321,0.219847
COMMODITY,0.032106,0.38527
