asset_class,mu_monthly,mu_annual
CASH,0.002665,0.031975
BOND,0.003586,0.043032
EQUITY,0.005777,0.069327
COMMODITY,0.007212,0.086549
